Employee,Total OTE,Super Payable,Total Disbursed,Variance
1155,54333.55999999999,5161.6882,5310.889999999999,149.20179999999982
1963,99092.44,9413.7818,8686.810000000001,-726.9717999999993
2355,232322.9,22070.6755,22285.32,214.64449999999852
50015418,294178.2900000002,27946.93755000002,28045.05,98.11244999997871
